{
	"brains": [
		{
			"brain": [
				{
					"inputs": [
						0.0,
						0.0,
						0.0,
						0.0,
						0.0,
						0.16323146024287894,
						0.39416976389711236
					],
					"outputs": [
						0.0,
						1.0,
						1.0,
						0.0,
						0.0,
						1.0,
						1.0,
						1.0,
						0.0,
						1.0,
						0.0,
						1.0,
						1.0,
						0.0
					],
					"biases": [
						-0.553200150835379,
						0.34389446365287149,
						-0.03717461233068603,
						-0.44675635345142469,
						-0.013995441471594185,
						0.7800787478935016,
						0.46805427559945436,
						0.013766565412937457,
						-0.05436933247362867,
						0.7120054291412575,
						-0.2718501904261462,
						0.40473390570635628,
						0.33109594633767377,
						-0.5948355388874385
					],
					"weights": [
						[
							0.7274214001596829,
							-0.12460576506192617,
							0.07472602312615956,
							0.040631433339058459,
							0.055571579463158649,
							0.48146281700799739,
							-0.3789613088876005,
							0.5309892127915231,
							-0.24811026045737129,
							0.5323560020926107,
							-0.09933407112891202,
							-0.6067544432311031,
							0.24123268585490705,
							0.7073757539552553
						],
						[
							0.0819032141881578,
							0.5203529344232454,
							-0.563745346763487,
							-0.06031332927400958,
							-0.07828255403647733,
							-0.6487531881441161,
							-0.24520664494674686,
							-0.47713868107694837,
							0.44890674498419089,
							-0.19340018802767468,
							0.6219461959396859,
							-0.6756535280960043,
							-0.5294892795550634,
							-0.011272923094313672
						],
						[
							0.5769905862749049,
							0.7633412547607308,
							0.14809654077883309,
							0.696781322119238,
							0.3544263837263147,
							0.012558682977080228,
							-0.24961336683909783,
							0.4164612156823431,
							0.17541962853292859,
							0.15211682071757355,
							0.7754564933778241,
							0.04218350467278681,
							0.5749261593522235,
							0.20504726129714874
						],
						[
							-0.7117620296092837,
							0.13597961450929925,
							-0.483607172664296,
							0.5695813027397538,
							0.7073430894589692,
							-0.7704562031580318,
							0.047033709335452509,
							0.4571992147815709,
							0.5233969646863228,
							-0.34399505348086237,
							-0.7863514875165867,
							-0.16407597631275626,
							-0.1980270102412079,
							0.015623105292077292
						],
						[
							-0.24586376717668116,
							0.48855728977790877,
							0.16467123751394686,
							-0.2625340994972418,
							0.3361538702563773,
							0.30031943962664706,
							-0.7579769494420148,
							-0.43237136706097659,
							0.5834580325541248,
							-0.3747924976762703,
							-0.712707966398755,
							0.394924997953323,
							-0.24834940906566334,
							-0.12575151622065029
						],
						[
							-0.7398359941059518,
							0.13110568639213666,
							0.5095786633966952,
							-0.6083436791980667,
							0.36936503873926787,
							0.2853261402208838,
							0.04492152320759512,
							0.4256110051971265,
							-0.7399299228122903,
							0.18113818587982559,
							0.6174915921289487,
							0.01720738642316654,
							-0.04311672222029328,
							0.2814569707070518
						],
						[
							-0.15529665103809088,
							0.16758496441976415,
							0.25607586516993477,
							-0.5789866569572919,
							-0.7012505543752792,
							0.7470637596628161,
							-0.32159927487796849,
							0.12153017544566933,
							-0.3875751240364685,
							-0.5356163819300351,
							0.3942652143771817,
							-0.40406494137543988,
							-0.7931420721197383,
							-0.1552388025275651
						]
					]
				},
				{
					"inputs": [
						0.0,
						1.0,
						1.0,
						0.0,
						0.0,
						1.0,
						1.0,
						1.0,
						0.0,
						1.0,
						0.0,
						1.0,
						1.0,
						0.0
					],
					"outputs": [
						0.0,
						0.0,
						0.0,
						1.0,
						0.0,
						1.0,
						1.0,
						1.0
					],
					"biases": [
						-0.41132053934139836,
						-0.3394294236046156,
						0.5851077627796102,
						-0.5171774341270221,
						-0.13245321882342488,
						0.20981056011650968,
						0.45807887180950959,
						0.2138875992820292
					],
					"weights": [
						[
							0.6000576476837677,
							0.29869070233459396,
							0.3351265035822607,
							0.5302813221276568,
							0.6023115703794014,
							0.7474178906683103,
							-0.44620565095010958,
							-0.2028024751085366
						],
						[
							-0.7348168219349228,
							-0.12037520311333859,
							-0.6795440634347029,
							-0.20732607577113383,
							-0.5117781513261607,
							-0.5139927166285826,
							-0.7358246331588987,
							-0.37756512841972
						],
						[
							0.37783953105493509,
							-0.4098757105419355,
							-0.4511573007523262,
							-0.052892213313679718,
							-0.5620347252239477,
							-0.4520238251328538,
							-0.6879578063040341,
							-0.5424057671782764
						],
						[
							-0.7411330994821705,
							0.3942412464836068,
							0.14588048814401229,
							0.2935031196340421,
							-0.2014802246308267,
							-0.22024605335187914,
							0.13287771043682676,
							0.7475531177987597
						],
						[
							0.26118953450273676,
							-0.5579665535273246,
							-0.14021093162111074,
							-0.3118588538502891,
							0.25100472230894746,
							0.2721687992769663,
							-0.34052793786313975,
							-0.5027417882579522
						],
						[
							-0.7944901289395113,
							-0.22304440756057,
							-0.6676849245927007,
							0.5821702933202448,
							-0.015742536305302557,
							0.46473767756364889,
							0.6261931899376566,
							0.5254287844977339
						],
						[
							-0.34511729123988596,
							0.3970996031902043,
							0.3530436729305052,
							0.5439723908335236,
							-0.6941243841907886,
							0.23610841503597899,
							-0.05201819811653974,
							0.6802690130816056
						],
						[
							0.04178075452009261,
							0.30035733502695008,
							-0.6461331434125704,
							-0.6209398358361657,
							0.30506473959440236,
							-0.4408864940997523,
							0.326888401247446,
							0.5336310415957299
						],
						[
							0.2674672474211645,
							-0.213893766773037,
							0.5272082423781266,
							0.36576226007853326,
							-0.20285110774261479,
							0.405135315085525,
							0.5630943080238338,
							0.5017248059768161
						],
						[
							0.013733069490824819,
							-0.3178763212198168,
							0.5546136419578801,
							-0.6374279387659025,
							0.07368201538606159,
							-0.09127854511640181,
							0.22978004697743,
							0.7737258261065049
						],
						[
							-0.3124237017909189,
							-0.5594079411974839,
							0.3874200297135311,
							-0.49202511411206548,
							0.19100719038519577,
							-0.6963011892349489,
							-0.6479656365012448,
							-0.5445501330827827
						],
						[
							-0.5549210761137751,
							-0.448617220694788,
							-0.13520068486940385,
							0.7885882673905834,
							-0.1454466435559542,
							0.2728466380014228,
							-0.03461979530986814,
							0.7878290347727174
						],
						[
							-0.5608993922911361,
							0.29426920112283286,
							-0.8169488557501273,
							0.5061310719234486,
							-0.7374270832681271,
							0.41231623843858469,
							0.7139711763139002,
							0.5931748962473182
						],
						[
							-0.5041785427342123,
							0.12521921332312473,
							-0.3890162068655904,
							0.227891947017405,
							-0.2318525166829987,
							0.6417558324408358,
							-0.15752650670018643,
							0.28101689332130388
						]
					]
				},
				{
					"inputs": [
						0.0,
						0.0,
						0.0,
						1.0,
						0.0,
						1.0,
						1.0,
						1.0
					],
					"outputs": [
						1.0,
						0.0,
						0.0,
						0.0
					],
					"biases": [
						-0.3821288904914626,
						0.11155658358559595,
						-0.743424776214326,
						-0.11219711890580178
					],